Gold,Level,Minions,Kills,Assists,Deaths,Towers,Dragons,Heralds,Barons,Gold_diff,Win
8969,4.8,145,1,1,3,0,0,0,0,-562,1
9531,4.6,147,3,2,1,0,0,0,0,562,0
10180,5.0,182,3,0,3,0,0,0,0,505,0
9675,4.6,139,3,3,3,0,0,0,0,-505,1
10318,4.6,171,4,2,2,0,0,0,0,1173,1
9145,4.4,145,2,0,4,0,0,0,0,-1173,0
10727,5.0,122,6,5,4,0,0,0,0,187,1
10540,4.8,142,4,5,6,0,0,0,0,-187,0
9349,4.4,130,3,3,4,0,0,0,0,-1020,0
10369,4.8,161,4,3,3,0,0,0,0,1020,1
9772,4.8,150,3,3,3,0,0,0,0,-183,0
9955,4.6,148,3,5,3,0,0,0,0,183,1
9900,4.6,150,3,5,2,0,0,0,0,617,1
9283,4.8,153,2,2,3,0,0,0,0,-617,0
9879,4.6,128,4,3,6,0,0,0,0,-523,1
10402,4.8,125,6,5,4,0,0,0,0,523,0
10069,4.6,114,5,5,2,0,0,0,0,1439,1
8630,4.6,121,2,0,5,0,0,0,0,-1439,0
10556,5.0,152,5,4,0,0,0,0,0,2153,1
8403,4.6,133,0,0,5,0,0,0,0,-2153,0
9784,4.6,144,3,4,2,0,0,0,0,843,0
8941,4.8,142,2,2,3,0,0,0,0,-843,1
10767,5.0,173,4,3,1,0,0,0,0,2352,1
8415,4.6,122,1,1,4,0,0,0,0,-2352,0
10476,4.6,136,6,6,1,0,0,0,0,1316,0
9160,4.6,148,1,3,6,0,0,0,0,-1316,1
10086,4.8,158,4,1,1,0,0,0,0,1488,1
8598,4.6,140,1,0,4,0,0,0,0,-1488,0
10098,5.0,159,4,2,2,0,0,0,0,867,1
9231,4.8,152,2,2,4,0,1,0,0,-867,0
10548,4.8,156,5,4,4,0,0,0,0,251,0
10297,4.6,148,4,6,5,0,0,0,0,-251,1
11043,4.4,120,7,7,5,0,0,0,0,1038,0
10005,4.2,123,5,8,7,0,0,0,0,-1038,1
10760,4.2,116,6,4,10,0,0,0,0,-660,1
11420,4.4,127,10,9,6,0,0,0,0,660,0
11988,4.8,155,5,9,3,0,0,0,0,2940,1
9048,4.6,128,3,2,5,0,0,0,0,-2940,0
9467,5.0,160,2,1,4,0,0,0,0,-595,0
10062,4.8,166,4,2,2,0,0,0,0,595,1
8798,5.0,161,0,0,0,0,0,0,0,264,1
8534,4.8,157,0,0,0,0,1,0,0,-264,0
10555,5.0,155,5,3,4,0,0,0,0,381,0
10174,4.8,134,4,3,5,0,0,0,0,-381,1
9710,4.6,129,4,2,4,0,0,0,0,-452,1
10162,4.8,153,4,2,4,0,0,0,0,452,0
9517,4.8,155,3,1,2,0,0,0,0,-339,1
9856,4.8,161,2,2,3,0,0,0,0,339,0
10120,4.8,148,4,4,2,0,0,0,0,1382,1
8738,4.4,113,2,4,4,0,0,0,0,-1382,0
8920,4.8,161,1,0,2,0,0,0,0,-5,0
8925,4.8,131,2,1,1,0,0,0,0,5,1
8977,4.4,150,1,3,3,0,0,0,0,-1108,0
10085,4.8,161,3,3,1,0,0,0,0,1108,1
10941,4.6,149,6,5,3,0,0,0,0,1129,1
9812,4.6,149,3,1,6,0,0,0,0,-1129,0
9764,4.8,143,3,3,2,0,0,0,0,1151,1
8613,4.2,127,2,1,3,0,0,0,0,-1151,0
9334,5.0,147,2,3,6,0,0,0,0,-1940,0
11274,4.8,165,6,5,2,0,0,0,0,1940,1
10177,4.8,149,3,2,6,0,0,0,0,-1020,0
11197,4.8,152,6,8,3,0,1,0,0,1020,1
9644,4.8,138,3,3,3,0,0,0,0,-647,1
10291,4.6,158,3,5,3,0,0,0,0,647,0
11208,5.2,154,5,4,2,0,0,0,0,2010,1
9198,4.6,159,2,1,5,0,0,0,0,-2010,0
9713,5.0,147,2,2,2,0,0,0,0,-7,0
9720,4.8,172,2,1,2,0,0,0,0,7,1
10023,4.8,149,4,2,1,0,0,0,0,1190,0
8833,4.8,147,1,1,4,0,0,0,0,-1190,1
10698,5.0,150,5,2,3,0,0,0,0,1241,0
9457,5.0,139,3,5,5,0,0,0,0,-1241,1
9882,4.8,151,3,4,5,0,0,0,0,-971,1
10853,4.8,157,5,5,3,0,0,0,0,971,0
8977,4.4,118,3,1,3,0,0,0,0,-1664,0
10641,5.0,173,3,2,3,0,0,0,0,1664,1
9540,4.8,141,3,2,2,0,0,0,0,-154,0
9694,4.8,165,2,2,3,0,0,0,0,154,1
9540,4.8,141,3,2,2,0,0,0,0,-154,0
9694,4.8,165,2,2,3,0,0,0,0,154,1
11882,4.8,132,8,6,9,0,0,0,0,-565,0
12447,4.6,148,9,17,8,0,0,0,0,565,1
8795,4.4,120,3,3,5,0,0,0,0,-1743,0
10538,4.6,143,5,8,3,0,0,0,0,1743,1
9027,4.6,131,1,0,8,0,0,0,0,-2368,0
11395,4.8,121,8,7,1,0,0,0,0,2368,1
9710,4.6,137,3,6,3,0,0,0,0,127,1
9583,4.8,160,3,1,3,0,0,0,0,-127,0
11718,4.6,157,6,9,4,0,0,0,0,1387,1
10331,4.4,139,4,5,6,0,0,0,0,-1387,0
9772,4.8,148,3,4,6,0,0,0,0,-1159,1
10931,5.0,142,6,5,3,0,0,0,0,1159,0
10327,4.6,160,4,2,4,0,0,0,0,892,0
9435,4.6,132,4,2,4,0,0,0,0,-892,1
9802,5.0,160,3,2,1,0,0,0,0,719,1
9083,4.8,152,1,0,3,0,0,0,0,-719,0
10619,5.0,138,6,2,2,0,0,0,0,1418,1
9201,4.8,148,2,2,6,0,0,0,0,-1418,0
9904,4.8,172,2,3,0,0,0,0,0,747,0
9157,5.0,167,0,0,2,0,0,0,0,-747,1
9351,5.2,173,0,0,0,0,0,0,0,721,0
8630,4.8,167,0,0,0,0,0,0,0,-721,1
8312,4.4,137,1,0,4,0,0,0,0,-1830,0
10142,4.4,150,4,4,1,0,0,0,0,1830,1
8577,4.8,157,0,0,3,0,0,0,0,-1025,1
9602,4.8,167,3,2,0,0,0,0,0,1025,0
10061,4.8,135,4,8,4,0,0,0,0,-246,1
10307,4.6,144,4,4,4,0,0,0,0,246,0
9160,5.0,153,1,2,0,0,0,0,0,789,0
8371,4.6,140,0,0,1,0,0,0,0,-789,1
11795,4.4,125,8,9,5,0,0,0,0,1090,1
10705,4.6,153,5,4,8,0,0,0,0,-1090,0
9701,5.0,171,2,3,2,0,0,0,0,69,0
9632,5.0,150,2,1,2,0,0,0,0,-69,1
9059,4.6,149,1,2,4,0,0,0,0,-997,0
10056,5.2,153,4,2,1,0,0,0,0,997,1
9022,4.6,152,1,2,2,0,0,0,0,-41,0
9063,4.6,153,2,1,1,0,0,0,0,41,1
10238,4.6,155,3,4,2,0,0,0,0,1252,1
8986,4.2,128,2,3,3,0,0,0,0,-1252,0
9184,4.8,157,2,0,7,0,0,0,0,-2630,0
11814,5.0,150,7,11,2,0,0,0,0,2630,1
9404,4.4,136,2,2,4,0,0,0,0,-877,0
10281,4.8,152,4,6,2,0,0,0,0,877,1
10660,4.6,158,4,4,3,0,0,0,0,160,1
10500,4.8,160,3,2,4,0,0,0,0,-160,0
10582,4.8,164,5,6,3,0,0,0,0,926,0
9656,4.6,139,3,3,5,0,0,0,0,-926,1
9448,4.2,116,4,4,11,0,0,0,0,-3918,0
13366,5.2,143,11,12,4,0,0,0,0,3918,1
9336,4.8,157,2,2,3,0,0,0,0,-664,0
10000,4.8,159,3,3,2,0,0,0,0,664,1
11258,5.0,173,5,5,1,0,0,0,0,2191,1
9067,4.8,145,1,2,5,0,1,0,0,-2191,0
10155,4.8,137,4,3,2,0,0,0,0,1678,1
8477,4.4,123,2,0,4,0,0,0,0,-1678,0
9115,4.6,129,2,1,6,0,0,0,0,-2158,0
11273,4.4,126,6,7,2,0,0,0,0,2158,1
9054,4.8,163,1,0,1,0,0,0,0,393,0
8661,4.6,153,1,0,1,0,0,0,0,-393,1
8958,5.0,139,2,0,5,0,0,0,0,-1653,0
10611,4.8,151,5,4,2,0,0,0,0,1653,1
10709,5.2,175,4,2,1,0,0,0,0,1457,1
9252,4.8,173,1,2,4,0,0,0,0,-1457,0
10858,5.0,168,5,7,2,0,0,0,0,1178,0
9680,4.6,159,2,1,5,0,0,0,0,-1178,1
9702,4.8,145,3,2,4,0,0,0,0,-874,0
10576,5.0,163,4,4,3,0,0,0,0,874,1
8387,4.6,149,0,0,1,0,0,0,0,-699,0
9086,4.6,163,1,1,0,0,0,0,0,699,1
10551,4.6,127,5,6,7,0,0,0,0,-503,1
11054,4.6,133,7,4,5,0,0,0,0,503,0
10287,4.4,130,5,9,3,0,0,0,0,275,1
10012,4.4,141,3,4,5,0,0,0,0,-275,0
10254,4.8,128,5,5,5,0,0,0,0,-527,1
10781,4.4,136,5,5,5,0,0,0,0,527,0
11522,4.8,181,5,4,3,0,0,0,0,1859,0
9663,4.6,140,3,4,5,0,0,0,0,-1859,1
9496,5.0,175,1,0,1,0,0,0,0,41,0
9455,5.0,176,1,1,1,0,0,0,0,-41,1
8184,4.8,135,0,0,2,0,0,0,0,-1183,0
9367,4.6,142,2,1,0,0,0,0,0,1183,1
9315,4.4,143,2,1,6,0,0,0,0,-1376,0
10691,4.6,142,6,4,2,0,0,0,0,1376,1
10869,5.2,162,5,4,2,0,0,0,0,1173,0
9696,4.8,173,2,2,5,0,0,0,0,-1173,1
9717,4.6,162,2,2,1,0,0,0,0,1379,1
8338,4.2,127,1,1,2,0,0,0,0,-1379,0
11131,5.4,154,4,6,5,0,0,0,0,647,1
10484,4.8,135,5,4,4,0,0,0,0,-647,0
10149,5.0,168,3,3,2,0,0,0,0,926,1
9223,5.0,148,2,0,3,0,0,0,0,-926,0
10532,5.0,168,3,3,1,0,0,0,0,1761,1
8771,4.6,148,1,1,3,0,0,0,0,-1761,0
9061,4.6,162,1,0,3,0,0,0,0,-243,0
9304,4.6,114,3,3,1,0,0,0,0,243,1
10089,4.2,121,5,8,3,0,0,0,0,473,1
9616,4.8,135,3,3,5,0,0,0,0,-473,0
10368,4.8,152,6,2,7,0,0,0,0,-924,0
11292,4.8,143,7,7,6,0,0,0,0,924,1
9997,4.4,146,3,5,3,0,0,0,0,152,0
9845,4.6,157,3,3,3,0,0,0,0,-152,1
10173,4.4,115,5,4,7,0,0,0,0,-1131,0
11304,5.0,143,7,7,5,0,0,0,0,1131,1
9751,5.2,162,2,4,3,0,0,0,0,-1222,0
10973,4.8,175,3,3,2,0,0,0,0,1222,1
10151,5.0,152,3,3,0,0,0,0,0,1712,1
8439,4.8,155,0,0,3,0,0,0,0,-1712,0
11120,4.8,141,5,8,2,0,0,0,0,1180,1
9940,4.8,170,2,5,5,0,0,0,0,-1180,0
9175,4.4,149,2,2,2,0,0,0,0,-479,1
9654,4.6,155,2,2,2,0,0,0,0,479,0
10968,5.0,148,5,6,3,0,0,0,0,1440,1
9528,4.8,153,3,2,5,0,0,0,0,-1440,0
10918,4.6,128,5,8,4,0,0,0,0,1067,0
9851,4.2,136,4,6,5,0,0,0,0,-1067,1
9151,4.6,140,2,1,3,0,0,0,0,1390,1
7761,4.4,110,3,0,2,0,0,0,0,-1390,0
10238,5.0,157,4,3,4,0,0,0,0,556,0
9682,4.8,142,4,3,4,0,0,0,0,-556,1
10163,4.8,165,3,1,3,0,0,0,0,651,1
9512,4.4,136,3,3,3,0,0,0,0,-651,0
9456,4.6,152,2,2,3,0,0,0,0,-429,0
9885,5.0,162,3,2,2,0,0,0,0,429,1
8847,4.2,124,2,2,2,0,0,0,0,-549,0
9396,4.8,154,2,4,2,0,0,0,0,549,1
9009,4.6,132,2,2,0,0,0,0,0,169,0
8840,4.8,153,0,0,2,0,0,0,0,-169,1
11379,5.0,171,5,6,3,0,0,0,0,1916,0
9463,4.6,144,3,2,5,0,1,0,0,-1916,1
9486,4.8,143,3,2,4,0,0,0,0,-625,0
10111,4.8,140,4,6,3,0,1,0,0,625,1
10283,4.6,126,6,5,4,0,0,0,0,-381,0
10664,4.6,154,4,7,6,0,0,0,0,381,1
9584,4.6,141,3,2,4,0,0,0,0,-1317,0
10901,4.8,157,4,4,3,0,0,0,0,1317,1
10019,5.0,147,3,5,3,0,0,0,0,251,1
9768,4.6,150,3,2,3,0,0,0,0,-251,0
9885,4.8,152,3,4,1,0,0,0,0,713,0
9172,4.8,145,1,1,3,0,0,0,0,-713,1
10894,4.8,143,6,6,3,0,0,0,0,927,1
9967,4.8,130,3,3,6,0,0,0,0,-927,0
10278,4.8,151,3,5,2,0,0,0,0,895,0
9383,4.8,140,2,2,3,0,0,0,0,-895,1
10316,4.6,150,4,6,5,0,0,0,0,-119,0
10435,4.8,155,5,3,4,0,1,0,0,119,1
9663,4.8,139,3,2,4,0,0,0,0,-1266,0
10929,5.2,172,4,4,3,0,1,0,0,1266,1
10217,5.0,161,3,3,2,0,0,0,0,652,1
9565,4.8,149,2,4,3,0,0,0,0,-652,0
10500,4.4,114,6,5,6,0,0,0,0,-850,1
11350,4.8,151,6,8,6,0,0,0,0,850,0
12010,5.2,137,7,8,2,0,0,0,0,3235,0
8775,4.2,134,2,1,7,0,0,0,0,-3235,1
10265,5.0,179,3,1,1,0,0,0,0,1379,0
8886,4.8,152,1,1,3,0,0,0,0,-1379,1
9817,5.0,181,1,0,1,0,0,0,0,742,1
9075,5.0,182,1,0,1,0,0,0,0,-742,0
8854,4.4,138,1,2,0,0,0,0,0,128,1
8726,4.4,158,0,0,1,0,0,0,0,-128,0
8878,4.6,143,1,0,3,0,0,0,0,-1279,0
10157,4.8,161,3,4,1,0,0,0,0,1279,1
8349,4.6,151,0,0,1,0,0,0,0,-1245,0
9594,5.2,175,1,1,0,0,0,0,0,1245,1
9303,4.6,169,1,1,2,0,0,0,0,619,1
8684,4.6,114,2,1,1,0,0,0,0,-619,0
8374,4.4,132,1,0,7,0,0,0,0,-2659,1
11033,5.2,155,7,6,1,0,0,0,0,2659,0
11318,5.0,161,7,7,5,0,0,0,0,499,1
10819,4.6,135,5,6,7,0,0,0,0,-499,0
9634,4.2,116,4,7,3,0,0,0,0,-289,1
9923,4.6,150,3,4,4,0,0,0,0,289,0
10331,4.6,142,4,6,7,0,0,0,0,-453,1
10784,4.6,140,7,6,4,0,0,0,0,453,0
11969,4.4,144,7,6,6,0,0,0,0,868,1
11101,4.6,126,6,9,7,0,0,0,0,-868,0
11985,5.0,181,8,7,4,0,0,0,0,1437,1
10548,5.0,169,4,4,8,0,0,0,0,-1437,0
10157,5.2,158,3,4,3,0,0,0,0,800,1
9357,4.8,136,3,3,3,0,0,0,0,-800,0
10658,4.6,141,6,4,4,0,0,0,0,939,0
9719,4.6,115,4,7,6,0,0,0,0,-939,1
8982,4.8,153,1,1,5,0,0,0,0,-1869,1
10851,5.0,172,5,2,1,0,0,0,0,1869,0
8840,4.8,170,0,0,2,0,0,0,0,-514,1
9354,4.8,146,2,2,0,0,0,0,0,514,0
9499,4.6,156,2,3,2,0,0,0,0,671,1
8828,4.6,141,2,1,2,0,0,0,0,-671,0
10029,4.6,122,5,5,5,0,0,0,0,357,1
9672,4.4,131,5,2,5,0,0,0,0,-357,0
7776,4.4,139,0,0,7,0,0,0,0,-3575,0
11351,4.8,152,7,6,0,0,0,0,0,3575,1
8218,5.0,142,0,0,3,0,0,0,0,-1808,0
10026,4.8,161,3,2,0,0,0,0,0,1808,1
8796,4.8,150,1,0,4,0,0,0,0,-1826,1
10622,4.8,141,4,5,1,0,0,0,0,1826,0
9282,4.6,152,2,2,6,0,1,0,0,-1387,1
10669,4.8,139,6,4,2,0,0,0,0,1387,0
8978,4.6,147,1,1,3,0,0,0,0,-1371,0
10349,4.8,153,3,5,1,0,0,0,0,1371,1
9433,4.4,126,3,5,3,0,0,0,0,-500,0
9933,5.0,158,3,4,3,0,0,0,0,500,1
9310,4.4,153,3,1,0,0,0,0,0,1437,1
7873,4.2,128,0,0,3,0,0,0,0,-1437,0
9876,5.2,153,4,2,2,0,0,0,0,613,1
9263,4.8,129,2,2,4,0,0,0,0,-613,0
11028,4.8,147,5,4,1,0,0,0,0,1750,1
9278,4.8,178,1,0,5,0,0,0,0,-1750,0
9706,4.6,143,3,1,6,0,0,0,0,-452,0
10158,4.8,142,6,3,3,0,0,0,0,452,1
8661,4.6,163,0,0,2,0,0,0,0,-796,1
9457,4.6,155,2,2,0,0,0,0,0,796,0
8739,4.4,128,2,4,3,0,0,0,0,-1065,0
9804,4.6,163,3,2,2,0,0,0,0,1065,1
9679,5.0,166,2,2,0,0,0,0,0,1228,1
8451,4.8,153,0,0,2,0,0,0,0,-1228,0
9676,4.8,165,3,2,2,0,0,0,0,505,1
9171,4.2,128,2,3,3,0,0,0,0,-505,0
9181,4.8,149,2,1,3,0,0,0,0,-186,0
9367,4.8,143,3,3,2,0,0,0,0,186,1
10856,4.8,158,5,6,2,0,0,0,0,1283,1
9573,4.8,151,2,2,5,0,0,0,0,-1283,0
8604,4.8,160,0,0,2,0,0,0,0,-1308,1
9912,5.2,175,2,4,0,0,0,0,0,1308,0
10706,5.0,180,3,5,0,0,0,0,0,1953,1
8753,4.4,163,0,0,3,0,0,0,0,-1953,0
8613,4.6,134,2,0,2,0,0,0,0,-1273,0
9886,4.8,155,2,2,2,0,0,0,0,1273,1
8357,4.8,135,1,1,3,0,0,0,0,-1959,0
10316,5.2,185,3,0,1,0,0,0,0,1959,1
10855,4.4,138,7,9,4,0,0,0,0,549,0
10306,5.0,142,4,3,7,0,0,0,0,-549,1
9989,4.6,159,3,5,1,0,0,0,0,1318,1
8671,4.2,132,1,1,3,0,0,0,0,-1318,0
11867,5.0,158,6,6,3,0,0,0,0,2102,0
9765,4.8,155,3,2,6,0,0,0,0,-2102,1
9288,5.0,169,1,0,3,0,0,0,0,-869,0
10157,4.8,172,3,5,1,0,0,0,0,869,1
9590,4.8,139,3,5,3,0,0,0,0,72,0
9518,4.6,136,3,3,3,0,0,0,0,-72,1
8673,5.0,152,1,0,2,0,0,0,0,-942,1
9615,5.0,167,2,1,1,0,0,0,0,942,0
9865,4.2,130,4,6,6,0,0,0,0,-828,0
10693,4.4,126,6,6,4,0,1,0,0,828,1
9209,4.4,127,3,4,4,0,0,0,0,-964,1
10173,4.6,153,4,4,3,0,0,0,0,964,0
9822,4.4,131,4,3,4,0,0,0,0,-97,1
9919,4.4,140,4,5,4,0,0,0,0,97,0
9814,4.6,162,3,3,2,0,0,0,0,791,0
9023,4.4,138,2,2,3,0,0,0,0,-791,1
9438,4.6,150,2,4,1,0,0,0,0,313,0
9125,4.8,171,1,0,2,0,0,0,0,-313,1
9931,4.8,147,3,5,0,0,0,0,0,1634,0
8297,4.6,136,0,0,3,0,0,0,0,-1634,1
10142,5.0,136,5,2,0,0,0,0,0,2068,1
8074,4.6,141,0,0,5,0,0,0,0,-2068,0
10218,4.8,156,3,3,1,0,0,0,0,791,0
9427,5.0,158,1,1,3,0,0,0,0,-791,1
9104,4.6,142,2,1,2,0,0,0,0,-33,1
9137,4.4,151,2,2,2,0,0,0,0,33,0
10439,4.8,156,5,3,0,0,0,0,0,2392,1
8047,4.6,125,0,0,5,0,0,0,0,-2392,0
8469,4.8,145,1,0,2,0,0,0,0,-1224,0
9693,4.8,157,2,1,1,0,0,0,0,1224,1
9529,4.4,138,3,5,1,0,0,0,0,894,0
8635,4.4,144,1,1,3,0,0,0,0,-894,1
8732,4.6,146,1,1,2,0,0,0,0,-1672,1
10404,4.8,160,2,2,1,0,0,0,0,1672,0
9229,4.8,145,2,2,3,0,0,0,0,-1001,1
10230,5.0,166,3,2,2,0,0,0,0,1001,0
9483,5.0,157,2,2,5,0,0,0,0,-918,0
10401,4.6,134,5,2,2,0,0,0,0,918,1
11081,5.0,181,5,4,4,0,0,0,0,1033,1
10048,4.8,163,4,1,5,0,0,0,0,-1033,0
9501,4.4,133,2,2,6,0,0,0,0,-1892,0
11393,5.0,172,6,5,2,0,0,0,0,1892,1
11814,5.0,167,6,8,6,0,0,0,0,852,1
10962,4.8,139,6,6,6,0,0,0,0,-852,0
9361,4.2,124,3,2,3,0,0,0,0,-284,0
9645,4.6,155,3,1,3,0,0,0,0,284,1
8995,4.4,154,1,0,4,0,0,0,0,-1177,1
10172,4.6,118,4,6,1,0,0,0,0,1177,0
10244,4.8,128,5,6,3,0,0,0,0,-248,0
10492,5.2,171,3,4,5,0,0,0,0,248,1
9227,4.8,133,3,2,3,0,0,0,0,-51,0
9278,4.8,132,3,2,3,0,0,0,0,51,1
9227,4.8,133,3,2,3,0,0,0,0,-51,0
9278,4.8,132,3,2,3,0,0,0,0,51,1
9335,4.6,137,3,3,1,0,0,0,0,295,1
9040,4.8,145,1,1,3,0,0,0,0,-295,0
10876,4.6,162,4,5,4,0,0,0,0,461,0
10415,5.0,138,4,4,4,0,0,0,0,-461,1
8624,4.8,130,1,1,4,0,0,0,0,-909,0
9533,4.8,124,4,2,1,0,0,0,0,909,1
9693,4.6,137,2,2,1,0,0,0,0,1347,1
8346,4.6,113,1,2,2,0,0,0,0,-1347,0
10598,4.4,162,4,4,2,0,0,0,0,1468,1
9130,4.8,143,2,1,4,0,0,0,0,-1468,0
9410,4.4,142,2,2,2,0,0,0,0,25,1
9385,5.0,152,2,2,2,0,0,0,0,-25,0
8884,4.6,137,1,1,4,0,0,0,0,-1165,1
10049,4.8,142,4,3,1,0,0,0,0,1165,0
9113,4.6,141,2,1,4,0,0,0,0,-378,0
9491,4.6,143,4,1,2,0,0,0,0,378,1
9831,4.6,145,3,4,3,0,0,0,0,-1063,0
10894,4.8,184,3,9,3,0,0,0,0,1063,1
9755,4.8,164,2,1,2,0,0,0,0,407,1
9348,4.8,151,2,3,2,0,0,0,0,-407,0
10136,4.8,143,3,3,1,0,0,0,0,1212,1
8924,4.6,157,1,0,3,0,0,0,0,-1212,0
11654,4.6,143,8,8,6,0,0,0,0,1159,1
10495,4.6,108,6,2,8,0,0,0,0,-1159,0
8027,4.8,136,0,0,1,0,0,0,0,-1693,0
9720,4.8,165,1,2,0,0,0,0,0,1693,1
9173,4.8,155,2,0,3,0,0,0,0,-956,0
10129,5.0,164,3,3,2,0,0,0,0,956,1
9640,4.6,135,3,4,2,0,0,0,0,233,0
9407,4.8,146,2,1,3,0,0,0,0,-233,1
8704,4.4,146,1,1,3,0,0,0,0,-1107,1
9811,4.8,152,3,3,1,0,0,0,0,1107,0
8377,4.6,128,1,0,1,0,0,0,0,-1194,0
9571,4.6,170,1,2,1,0,0,0,0,1194,1
9053,4.4,120,2,1,8,0,0,0,0,-2605,0
11658,4.8,144,8,11,2,0,0,0,0,2605,1
9461,4.8,142,2,3,2,0,0,0,0,465,0
8996,4.8,144,2,2,2,0,0,0,0,-465,1
9970,4.6,117,5,11,4,0,0,0,0,-90,1
10060,4.6,138,4,6,5,0,0,0,0,90,0
9930,4.2,124,4,4,8,0,0,0,0,-1246,0
11176,4.4,119,8,8,4,0,0,0,0,1246,1
9483,4.8,137,3,4,3,0,0,0,0,-76,0
9559,5.0,153,3,2,3,0,0,0,0,76,1
10155,4.4,121,4,4,3,0,0,0,0,395,1
9760,4.6,135,3,4,4,0,0,0,0,-395,0
10314,4.8,122,5,6,4,0,0,0,0,-539,0
10853,4.6,161,4,6,5,0,0,0,0,539,1
10145,4.6,135,5,5,5,0,0,0,0,-766,0
10911,4.8,127,5,4,5,0,0,0,0,766,1
10212,5.0,177,2,4,0,0,0,0,0,1490,0
8722,4.8,172,0,0,2,0,0,0,0,-1490,1
9136,5.0,134,3,2,9,0,0,0,0,-3041,0
12177,4.8,142,9,6,3,0,0,0,0,3041,1
10981,5.0,171,6,5,0,0,0,0,0,2183,1
8798,4.8,160,0,0,6,0,0,0,0,-2183,0
8442,4.6,137,1,0,4,0,0,0,0,-1590,0
10032,5.0,169,4,2,1,0,0,0,0,1590,1
10587,5.0,149,4,5,2,0,0,0,0,1276,1
9311,4.8,141,2,3,4,0,0,0,0,-1276,0
8773,4.6,129,2,0,6,0,0,0,0,-2110,0
10883,4.6,143,6,6,2,0,0,0,0,2110,1
9302,4.6,155,2,1,2,0,0,0,0,44,0
9258,5.0,156,2,0,2,0,0,0,0,-44,1
9763,5.0,132,4,4,4,0,0,0,0,-605,0
10368,4.6,142,4,3,4,0,0,0,0,605,1
8837,4.8,165,0,0,1,0,0,0,0,-303,1
9140,4.6,154,1,0,0,0,0,0,0,303,0
10762,4.8,143,6,5,6,0,0,0,0,-368,0
11130,4.6,121,6,6,6,0,0,0,0,368,1
9244,5.0,162,1,1,1,0,0,0,0,374,1
8870,5.0,149,1,1,1,0,0,0,0,-374,0
10034,4.6,142,4,2,1,0,0,0,0,1239,0
8795,4.8,148,1,0,4,0,0,0,0,-1239,1
9082,4.8,161,1,2,5,0,0,0,0,-2023,0
11105,5.2,176,5,5,1,0,0,0,0,2023,1
11110,5.2,162,5,8,1,0,0,0,0,1847,1
9263,4.6,161,1,1,5,0,0,0,0,-1847,0
9153,4.6,139,2,2,4,0,0,0,0,-1166,0
10319,4.8,168,4,1,2,0,0,0,0,1166,1
12164,5.2,157,7,7,5,0,0,0,0,1809,1
10355,4.4,146,5,9,7,0,0,0,0,-1809,0
10005,4.8,150,3,4,2,0,0,0,0,440,0
9565,4.8,149,2,0,3,0,0,0,0,-440,1
11008,5.2,147,7,5,8,0,0,0,0,-74,0
11082,4.2,113,8,9,7,0,0,0,0,74,1
8634,4.6,155,0,0,0,0,0,0,0,22,0
8612,5.0,169,0,0,0,0,0,0,0,-22,1
10460,4.8,156,5,3,1,0,0,0,0,1904,1
8556,4.6,139,1,1,5,0,0,0,0,-1904,0
9553,4.4,149,2,2,2,0,0,0,0,25,1
9528,4.6,149,2,2,2,0,0,0,0,-25,0
10587,4.4,144,5,7,5,0,0,0,0,-315,0
10902,5.2,149,5,3,5,0,0,0,0,315,1
9012,4.4,128,2,2,4,0,0,0,0,-1081,0
10093,5.0,137,4,6,2,0,0,0,0,1081,1
10063,4.8,144,4,4,3,0,1,0,0,423,1
9640,4.6,136,3,2,4,0,0,0,0,-423,0
10891,4.6,132,7,5,5,0,0,0,0,1082,1
9809,4.4,126,5,3,7,0,0,0,0,-1082,0
9218,4.6,131,4,1,5,0,0,0,0,-1216,0
10434,4.4,131,5,8,4,0,0,0,0,1216,1
9248,5.0,165,1,1,2,0,0,0,0,177,0
9071,4.8,133,2,2,1,0,0,0,0,-177,1
9977,5.0,144,3,3,2,0,0,0,0,694,1
9283,4.8,150,2,1,3,0,0,0,0,-694,0
10078,4.6,146,3,7,1,0,0,0,0,851,1
9227,5.2,156,1,2,3,0,0,0,0,-851,0
9415,4.4,127,3,4,4,0,0,0,0,-656,0
10071,4.4,131,4,6,3,0,0,0,0,656,1
9137,4.6,117,4,2,4,0,0,0,0,-641,0
9778,4.8,129,4,3,4,0,0,0,0,641,1
10470,4.6,148,5,5,12,0,0,0,0,-2560,0
13030,4.8,143,12,11,5,0,0,0,0,2560,1
11169,4.8,190,4,8,0,0,0,0,0,2827,1
8342,4.8,154,0,0,4,0,0,0,0,-2827,0
8934,4.8,130,2,2,6,0,0,0,0,-2278,0
11212,5.0,168,6,6,2,0,0,0,0,2278,1
9646,5.0,157,3,3,4,0,0,0,0,-1606,0
11252,5.0,159,4,4,3,0,0,0,0,1606,1
10243,5.0,139,5,3,0,0,0,0,0,1773,1
8470,4.6,150,0,0,5,0,0,0,0,-1773,0
9662,4.6,123,4,3,6,0,0,0,0,-774,0
10436,4.8,143,6,3,4,0,0,0,0,774,1
8918,4.8,152,1,1,1,0,0,0,0,-1089,0
10007,5.4,174,1,2,1,0,0,0,0,1089,1
10688,5.0,159,4,3,3,0,1,0,0,1452,1
9236,4.6,135,3,2,4,0,0,0,0,-1452,0
9630,4.8,145,2,2,1,0,0,0,0,434,0
9196,5.0,158,1,1,2,0,0,0,0,-434,1
9517,4.8,150,3,3,5,0,0,0,0,-1686,1
11203,5.0,165,5,4,3,0,0,0,0,1686,0
9161,5.0,129,2,1,2,0,0,0,0,-143,0
9304,4.8,146,2,1,2,0,0,0,0,143,1
9366,5.0,157,1,0,0,0,0,0,0,1059,1
8307,4.4,147,0,0,1,0,0,0,0,-1059,0
9688,4.4,136,3,5,5,0,0,0,0,-593,0
10281,5.0,175,5,1,3,0,0,0,0,593,1
9403,4.6,166,2,2,1,0,0,0,0,315,0
9088,5.0,159,1,1,2,0,0,0,0,-315,1
9197,4.8,153,1,1,3,0,0,0,0,-918,1
10115,5.2,152,3,3,1,0,0,0,0,918,0
9974,5.0,160,3,3,3,0,0,0,0,365,0
9609,4.8,135,3,4,3,0,0,0,0,-365,1
9913,4.6,134,3,4,4,0,0,0,0,-710,1
10623,4.8,147,4,4,3,0,0,0,0,710,0
9654,5.0,157,2,2,1,0,0,0,0,809,1
8845,4.6,149,1,1,2,0,0,0,0,-809,0
8164,4.2,115,2,0,7,0,0,0,0,-2902,0
11066,4.8,134,7,5,2,0,0,0,0,2902,1
11299,4.6,147,5,7,2,0,0,0,0,2320,1
8979,4.6,141,2,0,5,0,0,0,0,-2320,0
10495,4.8,121,6,5,3,0,0,0,0,1208,1
9287,4.4,122,3,3,6,0,0,0,0,-1208,0
11151,4.4,131,7,6,6,0,1,0,0,755,1
10396,4.4,108,6,7,7,0,0,0,0,-755,0
9646,4.8,148,2,2,4,0,0,0,0,-997,0
10643,5.0,161,4,3,2,0,0,0,0,997,1
10394,4.8,133,4,5,5,0,0,0,0,-9,0
10403,4.6,145,5,5,4,0,0,0,0,9,1
9375,4.6,133,4,1,5,0,0,0,0,-899,1
10274,4.8,147,5,2,4,0,0,0,0,899,0
9968,4.8,158,3,1,5,0,0,0,0,-558,0
10526,5.0,136,5,5,3,0,0,0,0,558,1
9645,4.8,159,3,2,2,0,0,0,0,-157,1
9802,4.8,157,2,2,3,0,0,0,0,157,0
10597,5.2,185,3,7,3,0,0,0,0,390,0
10207,5.0,160,3,4,3,0,0,0,0,-390,1
10764,5.0,167,4,5,4,0,0,0,0,863,1
9901,5.0,149,4,2,4,0,0,0,0,-863,0
8582,4.6,138,1,1,4,0,0,0,0,-1500,0
10082,4.8,146,4,4,1,0,0,0,0,1500,1
10252,4.8,146,4,4,5,0,0,0,0,-1176,0
11428,5.0,156,5,4,4,0,0,0,0,1176,1
10013,4.8,165,3,6,0,0,0,0,0,1211,1
8802,5.0,170,0,0,3,0,0,0,0,-1211,0
9827,4.6,171,2,1,0,0,0,0,0,1408,1
8419,4.8,152,0,0,2,0,1,0,0,-1408,0
10373,4.6,148,4,6,1,0,0,0,0,1290,1
9083,4.6,150,1,0,4,0,0,0,0,-1290,0
10104,5.0,173,2,1,1,0,0,0,0,960,0
9144,5.0,157,1,1,2,0,0,0,0,-960,1
10353,4.6,142,4,9,5,0,0,0,0,131,0
10222,5.0,145,5,5,4,0,0,0,0,-131,1
